{"RiverineInundation": {"historical_1971": [0, 2.0926772356033325, 4.517875671386719, 8.146644496917732], "rcp45_2050": [0, 2.123079776763916, 4.727473139762878, 8.397174167633054], "rcp45_2070": [0, 2.1849400997161865, 4.746373891830444, 8.531092262268068], "rcp85_2050": [0, 2.1317601203918457, 4.699397325515747, 8.462242317199708], "rcp85_2070": [0, 2.161303997039795, 4.721877813339233, 8.560105323791506]}, "CoastalInundation": {"historical_1971": [0, 2.3894078731536865, 4.403600215911865, 5.984654474258423], "rcp45_2050": [0, 2.3527116775512695, 4.318411707878113, 5.894825696945191], "rcp45_2070": [0, 2.5329999923706055, 4.625603795051575, 6.286437940597538], "rcp85_2050": [0, 2.318581223487854, 4.2181302309036255, 5.782120084762571], "rcp85_2070": [0, 2.5999999046325684, 4.615525245666504, 6.324570655822754]}, "ChronicWind": {"historical_1971": [0, 2.5999999046325684, 4.615525245666504, 6.324570655822754], "rcp45_2050": [0, 2.5999999046325684, 4.615525245666504, 6.324570655822754], "rcp45_2100": [0, 2.5999999046325684, 4.615525245666504, 6.324570655822754], "rcp85_2050": [0, 2.5999999046325684, 4.615525245666504, 6.324570655822754], "rcp85_2100": [0, 2.5999999046325684, 4.615525245666504, 6.324570655822754]}, "Fire": {"historical_1971": [0, 0.3631645739078522, 6.0311747789382935, 15.562520790100104], "rcp45_2050": [0, 0.5496047139167786, 7.531521677970886, 17.935127639770517], "rcp45_2100": [0, 0.5829123258590698, 8.233976364135742, 19.678568649292], "rcp85_2050": [0, 0.5778544545173645, 7.795466423034668, 18.597507476806644], "rcp85_2100": [0, 1.2540100812911987, 10.670519351959229, 23.3424015045166]}, "WaterStress": {"rcp26_2020": [0, 1.0, 5.0, 6.0], "rcp26_2030": [0, 1.0, 4.0, 6.0], "rcp26_2040": [0, 1.0, 4.0, 6.0], "rcp45_2020": [0, 1.0, 5.0, 6.0], "rcp45_2030": [0, 1.0, 5.0, 6.0], "rcp45_2040": [0, 1.0, 5.0, 6.0], "rcp85_2020": [0, 1.0, 5.0, 6.0], "rcp85_2030": [0, 1.0, 5.0, 6.0], "rcp85_2040": [0, 1.0, 5.0, 6.0]}, "Landslide": {"historical_1980": [0, 2.0, 3.0, 4.0]}, "Subsidence": {"historical_1980": [0, 2, 3, 4]}}